{"stats":{"minecraft:broken":{"minecraft:shield":1},"minecraft:custom":{"minecraft:mob_kills":37,"minecraft:interact_with_anvil":2,"minecraft:animals_bred":1,"minecraft:inspect_hopper":13,"minecraft:interact_with_crafting_table":5,"minecraft:leave_game":313,"minecraft:time_since_death":943529,"minecraft:time_since_rest":943557,"minecraft:sprint_one_cm":72038,"minecraft:damage_taken":18211,"minecraft:walk_one_cm":2033590,"minecraft:damage_blocked_by_shield":3735,"minecraft:drop":33,"minecraft:damage_dealt":8088,"minecraft:talked_to_villager":33,"minecraft:fly_one_cm":2667363,"minecraft:open_chest":8,"minecraft:crouch_one_cm":30833,"minecraft:play_time":1959501,"minecraft:sneak_time":35934,"minecraft:deaths":7,"minecraft:walk_under_water_one_cm":82189,"minecraft:jump":3668,"minecraft:walk_on_water_one_cm":42293,"minecraft:interact_with_smoker":1,"minecraft:total_world_time":5193279,"minecraft:fall_one_cm":9717,"minecraft:horse_one_cm":9007920},"minecraft:killed_by":{"minecraft:zombie":1,"hmag:zombie_girl":1,"hmag:creeper_girl":4},"minecraft:mined":{"minecraft:tnt":2},"minecraft:dropped":{"minecraft:glass_bottle":2,"minecraft:diamond":64,"minecraft:diamond_leggings":4,"minecraft:slime_block":1,"dwmg:soul_cake_slice":64,"minecraft:stick":8,"minecraft:pufferfish":1,"minecraft:gunpowder":1,"minecraft:stone_button":1,"minecraft:diamond_chestplate":1,"minecraft:diamond_helmet":6,"minecraft:diamond_boots":2,"minecraft:bow":3,"minecraft:sugar":4,"dwmg:soul_flour":1,"minecraft:fishing_rod":1,"minecraft:polished_granite":2,"minecraft:bone":1},"minecraft:killed":{"minecraft:witch":5,"minecraft:spider":1,"hmag:kobold":1,"grimoireofgaia:ender_eye":1,"minecraft:zombie":6,"grimoireofgaia:flesh_lich":1},"minecraft:picked_up":{"hmag:lightning_particle":9,"minecraft:fishing_rod":1,"grimoireofgaia:soulfire":1,"minecraft:diamond_sword":1,"minecraft:potion":1,"befriendmobs:debug_armor_giver":5,"minecraft:oak_log":1,"minecraft:gunpowder":126,"minecraft:lapis_lazuli":2,"minecraft:dirt":16,"minecraft:polished_granite":1,"hmag:evil_crystal_fragment":4,"minecraft:pufferfish":1,"minecraft:bone":2,"dwmg:soul_cake_slice":64,"minecraft:apple":1,"minecraft:bow":2,"minecraft:diamond_leggings":12,"minecraft:gold_nugget":2,"minecraft:iron_nugget":7,"minecraft:diamond_helmet":16,"minecraft:glass_bottle":2,"minecraft:glowstone_dust":2,"minecraft:axolotl_spawn_egg":1,"minecraft:egg":2,"grimoireofgaia:taproot":3,"minecraft:stick":10,"grimoireofgaia:meat":1,"befriendmobs:debug_befriender":5,"minecraft:sand":12,"minecraft:trident":1,"minecraft:redstone":1,"minecraft:spider_eye":1,"hmag:skeleton_girl_spawn_egg":4,"minecraft:tnt":64,"minecraft:zombie_spawn_egg":64,"dwmg:soul_flour":1,"minecraft:rotten_flesh":69,"minecraft:stone_sword":1,"minecraft:cactus":7,"minecraft:sugar":4,"minecraft:diamond_chestplate":10,"minecraft:diamond":2,"grimoireofgaia:bag_book":2,"minecraft:diamond_boots":9,"minecraft:oak_sapling":2,"minecraft:coal":2,"minecraft:cobblestone":34},"minecraft:used":{"minecraft:spider_spawn_egg":1,"grimoireofgaia:kobold_spawn_egg":1,"minecraft:emerald_ore":1,"minecraft:water_bucket":18,"minecraft:trident":2,"minecraft:red_sand":16,"minecraft:diamond_boots":3,"minecraft:flint_and_steel":3,"minecraft:witch_spawn_egg":29,"minecraft:redstone":32,"minecraft:oak_planks":93,"minecraft:chest":3,"hmag:ender_executor_spawn_egg":11,"minecraft:axolotl_spawn_egg":1,"minecraft:shield":2,"minecraft:donkey_spawn_egg":1,"grimoireofgaia:orc_spawn_egg":10,"minecraft:sandstone":40,"minecraft:zombie_spawn_egg":83,"minecraft:redstone_block":3,"hmag:kobold_spawn_egg":3,"minecraft:diamond_axe":11,"minecraft:horse_spawn_egg":2,"hmag:drowned_girl_spawn_egg":16,"minecraft:netherrack":1,"grimoireofgaia:dryad_spawn_egg":2,"minecraft:iron_chestplate":1,"minecraft:anvil":4,"grimoireofgaia:oni_spawn_egg":1,"minecraft:torch":15,"minecraft:netherite_leggings":1,"minecraft:sand":101,"minecraft:hopper":9,"minecraft:comparator":8,"grimoireofgaia:werecat_spawn_egg":3,"hmag:skeleton_girl_spawn_egg":27,"minecraft:tnt":8,"minecraft:crafting_table":1,"minecraft:birch_sign":17,"minecraft:cobblestone_wall":13,"minecraft:diamond_helmet":3,"dwmg:enderberry":5,"minecraft:netherite_helmet":2,"minecraft:smoker":1,"hmag:husk_girl_spawn_egg":6,"minecraft:obsidian":16,"minecraft:polished_diorite":16,"minecraft:glass":9,"minecraft:ravager_spawn_egg":1,"minecraft:ender_eye":1,"minecraft:lever":3,"grimoireofgaia:flesh_lich_spawn_egg":1,"hmag:creeper_girl_spawn_egg":67,"minecraft:villager_spawn_egg":3,"hmag:alraune_spawn_egg":4,"minecraft:command_block":17,"minecraft:lime_carpet":1,"minecraft:stone_button":25,"hmag:wither_skeleton_girl_spawn_egg":2,"minecraft:slime_block":8,"dwmg:soul_carpet":42,"minecraft:wet_sponge":6,"minecraft:iron_helmet":1,"hmag:zombie_girl_spawn_egg":204,"minecraft:polished_granite":1,"minecraft:iron_boots":1,"minecraft:repeater":5,"minecraft:diamond_sword":28,"minecraft:netherite_boots":1,"minecraft:diamond_chestplate":1,"minecraft:red_carpet":1,"dwmg:soul_cake":4,"minecraft:cobblestone":1,"minecraft:wolf_spawn_egg":3,"minecraft:skeleton_skull":1,"minecraft:oak_boat":1,"minecraft:stone_pressure_plate":5,"minecraft:zombified_piglin_spawn_egg":1,"dwmg:soul_cake_slice":5,"minecraft:splash_potion":83,"minecraft:iron_leggings":1}},"DataVersion":2975}